{"face_list":[{"vertex_coord":[-7.1,-8,5.55,-7.1225649,-7.7997312,5.55,-7.189128,-7.6095046,5.55,-7.2963517,-7.4388592,5.55,-7.4388592,-7.2963517,5.55,-7.6095046,-7.189128,5.55,-7.7997312,-7.1225649,5.55,-8,-7.1,5.55,-8.2002688,-7.1225649,5.55,-8.3904954,-7.189128,5.55,-8.5611408,-7.2963517,5.55,-8.7036483,-7.4388592,5.55,-8.810872,-7.6095046,5.55,-8.8774351,-7.7997312,5.55,-8.9,-8,5.55,-8.8453376,-8.3082459,5.55,-8.7515881,-8.4949007,5.55,-8.5515623,-8.7111066,5.55,-8.2917733,-8.8511643,5.55,-8,-8.9,5.55,-7.6917541,-8.8453376,5.55,-7.5050993,-8.7515881,5.55,-7.2888934,-8.5515623,5.55,-7.1488357,-8.2917733,5.55],"tri_indexes":[20,23,21,21,23,22,23,1,0,19,18,20,23,2,1,23,3,2,23,4,3,17,16,18,23,5,4,20,15,23,18,15,20,16,15,18,23,6,5,15,7,23,23,7,6,15,8,7,14,13,15,15,9,8,13,12,15,15,10,9,12,11,15,15,11,10],"number_of_triangles":22,"face_index":90,"orient":1},{"vertex_coord":[-7.2,8,6.5,-7.2232465,8.1914525,6.5,-7.2916352,8.3717785,6.5,-7.4011914,8.5304981,6.5,-7.5455482,8.6583871,6.5,-7.7163161,8.748013,6.5,-7.9035707,8.7941671,6.5,-8.0964293,8.7941671,6.5,-8.2836839,8.748013,6.5,-8.4544518,8.6583871,6.5,-8.5988086,8.5304981,6.5,-8.7083648,8.3717785,6.5,-8.7767535,8.1914525,6.5,-8.8,8,6.5,-8.7767535,7.8085475,6.5,-8.7083648,7.6282215,6.5,-8.5988086,7.4695019,6.5,-8.4544518,7.3416129,6.5,-8.2836839,7.251987,6.5,-8.0964293,7.2058329,6.5,-7.9035707,7.2058329,6.5,-7.7163161,7.251987,6.5,-7.5455482,7.3416129,6.5,-7.4011914,7.4695019,6.5,-7.2916352,7.6282215,6.5,-7.2232465,7.8085475,6.5,-8.5,8.2886751,6.5,-8,8.5773503,6.5,-7.5,8.2886751,6.5,-7.5,7.7113249,6.5,-8,7.4226497,6.5,-8.5,7.7113249,6.5],"tri_indexes":[31,13,14,31,14,15,31,15,16,31,16,17,30,17,18,30,18,19,30,19,20,30,31,17,21,30,20,26,11,12,26,12,13,26,13,31,22,30,21,10,11,26,9,10,26,29,22,23,29,30,22,24,29,23,27,8,9,27,9,26,25,29,24,7,8,27,0,28,29,0,29,25,6,7,27,1,28,0,5,6,27,2,28,1,4,27,28,4,5,27,3,4,28,3,28,2],"number_of_triangles":32,"face_index":91,"orient":0},{"vertex_coord":[-8.9,8,6.4,-8.8866025,8,6.45,-8.85,8,6.4866025,-8.8,8,6.5,-7.2,8,6.5,-7.2232465,8.1914525,6.5,-7.2916352,8.3717785,6.5,-7.4011914,8.5304981,6.5,-7.5455482,8.6583871,6.5,-7.7163161,8.748013,6.5,-7.9035707,8.7941671,6.5,-8.0964293,8.7941671,6.5,-8.2836839,8.748013,6.5,-8.4544518,8.6583871,6.5,-8.5988086,8.5304981,6.5,-8.7083648,8.3717785,6.5,-8.7767535,8.1914525,6.5,-7.1,8,6.4,-7.1133975,8,6.45,-7.15,8,6.4866025,-7.1261524,8.2153841,6.4,-7.2030896,8.4182509,6.4,-7.3263403,8.5968104,6.4,-7.4887417,8.7406855,6.4,-7.6808556,8.8415146,6.4,-7.891517,8.893438,6.4,-8.108483,8.893438,6.4,-8.3191444,8.8415146,6.4,-8.5112583,8.7406855,6.4,-8.6736597,8.5968104,6.4,-8.7969104,8.4182509,6.4,-8.8738476,8.2153841,6.4,-7.1391605,8.2121779,6.45,-7.1746995,8.2034183,6.4866025,-7.2149524,8.4120247,6.45,-7.2473624,8.3950147,6.4866025,-7.3363685,8.5879262,6.45,-7.3637659,8.5636543,6.4866025,-7.4963524,8.7296596,6.45,-7.517145,8.6995363,6.4866025,-7.6856064,8.8289878,6.45,-7.6985858,8.7947638,6.4866025,-7.8931319,8.8801382,6.45,-7.8975438,8.8438025,6.4866025,-8.1068681,8.8801382,6.45,-8.1024562,8.8438025,6.4866025,-8.3143936,8.8289878,6.45,-8.3014142,8.7947638,6.4866025,-8.5036476,8.7296596,6.45,-8.482855,8.6995363,6.4866025,-8.6636315,8.5879262,6.45,-8.6362341,8.5636543,6.4866025,-8.7850476,8.4120247,6.45,-8.7526376,8.3950147,6.4866025,-8.8608395,8.2121779,6.45,-8.8253005,8.2034183,6.4866025],"tri_indexes":[32,18,17,32,17,20,33,5,4,33,19,18,33,4,19,33,18,32,34,20,21,34,32,20,35,6,5,35,32,34,35,5,33,35,33,32,36,21,22,36,34,21,37,7,6,37,34,36,37,6,35,37,35,34,38,22,23,38,36,22,39,8,7,39,37,36,39,36,38,39,7,37,40,23,24,40,38,23,41,9,8,41,39,38,41,38,40,41,8,39,42,24,25,42,40,24,43,10,9,43,9,41,43,41,40,43,40,42,44,25,26,44,43,42,44,42,25,45,11,10,45,10,43,45,43,44,46,26,27,46,27,28,46,44,26,47,45,44,47,12,11,47,13,12,47,11,45,47,44,46,48,46,28,49,47,46,49,13,47,49,46,48,50,28,29,50,48,28,51,48,50,51,49,48,51,14,13,51,13,49,52,50,29,52,29,30,52,51,50,53,14,51,53,15,14,53,51,52,54,0,1,54,52,30,54,30,31,54,31,0,55,1,2,55,2,3,55,16,15,55,3,16,55,15,53,55,54,1,55,53,52,55,52,54],"number_of_triangles":78,"face_index":92,"orient":0},{"vertex_coord":[-7.1,8,6.4,-7.1133975,8,6.45,-7.15,8,6.4866025,-7.2,8,6.5,-8.8,8,6.5,-8.7767535,7.8085475,6.5,-8.7083648,7.6282215,6.5,-8.5988086,7.4695019,6.5,-8.4544518,7.3416129,6.5,-8.2836839,7.251987,6.5,-8.0964293,7.2058329,6.5,-7.9035707,7.2058329,6.5,-7.7163161,7.251987,6.5,-7.5455482,7.3416129,6.5,-7.4011914,7.4695019,6.5,-7.2916352,7.6282215,6.5,-7.2232465,7.8085475,6.5,-8.9,8,6.4,-8.8866025,8,6.45,-8.85,8,6.4866025,-8.8738476,7.7846159,6.4,-8.7969104,7.5817491,6.4,-8.6736597,7.4031896,6.4,-8.5112583,7.2593145,6.4,-8.3191444,7.1584854,6.4,-8.108483,7.106562,6.4,-7.891517,7.106562,6.4,-7.6808556,7.1584854,6.4,-7.4887417,7.2593145,6.4,-7.3263403,7.4031896,6.4,-7.2030896,7.5817491,6.4,-7.1261524,7.7846159,6.4,-8.8608395,7.7878221,6.45,-8.8253005,7.7965817,6.4866025,-8.7850476,7.5879753,6.45,-8.7526376,7.6049853,6.4866025,-8.6636315,7.4120738,6.45,-8.6362341,7.4363457,6.4866025,-8.5036476,7.2703404,6.45,-8.482855,7.3004637,6.4866025,-8.3143936,7.1710122,6.45,-8.3014142,7.2052362,6.4866025,-8.1068681,7.1198618,6.45,-8.1024562,7.1561975,6.4866025,-7.8931319,7.1198618,6.45,-7.8975438,7.1561975,6.4866025,-7.6856064,7.1710122,6.45,-7.6985858,7.2052362,6.4866025,-7.4963524,7.2703404,6.45,-7.517145,7.3004637,6.4866025,-7.3363685,7.4120738,6.45,-7.3637659,7.4363457,6.4866025,-7.2149524,7.5879753,6.45,-7.2473624,7.6049853,6.4866025,-7.1391605,7.7878221,6.45,-7.1746995,7.7965817,6.4866025],"tri_indexes":[20,18,17,32,18,20,33,5,4,33,19,18,33,4,19,33,18,32,34,20,21,34,32,20,35,6,5,35,32,34,35,5,33,35,33,32,36,21,22,36,34,21,37,7,6,37,34,36,37,6,35,37,35,34,38,22,23,38,36,22,39,8,7,39,7,37,39,36,38,39,37,36,40,23,24,40,38,23,41,9,8,41,38,40,41,8,39,41,39,38,42,24,25,42,40,24,43,10,9,43,9,41,43,40,42,43,41,40,44,25,26,44,42,25,45,11,10,45,10,43,45,43,42,45,42,44,46,26,27,46,44,26,47,45,44,47,12,11,47,44,46,47,11,45,48,46,27,48,27,28,49,47,46,49,46,48,49,12,47,49,13,12,50,48,28,50,28,29,51,48,50,51,13,49,51,14,13,51,49,48,52,50,29,52,29,30,53,15,14,53,14,51,53,51,50,53,50,52,54,0,1,54,52,30,54,30,31,54,31,0,55,1,2,55,2,3,55,16,15,55,3,16,55,15,53,55,54,1,55,53,52,55,52,54],"number_of_triangles":78,"face_index":93,"orient":0},{"vertex_coord":[-8.5,8.2886751,6.5,-8,8.5773503,6.5,-8.5,8.2886751,6,-8,8.5773503,6],"tri_indexes":[1,0,2,1,2,3],"number_of_triangles":2,"face_index":94,"orient":0},{"vertex_coord":[-8,8.5773503,6.5,-7.5,8.2886751,6.5,-8,8.5773503,6,-7.5,8.2886751,6],"tri_indexes":[3,0,2,1,0,3],"number_of_triangles":2,"face_index":95,"orient":0},{"vertex_coord":[-7.5,8.2886751,6.5,-7.5,7.7113249,6.5,-7.5,8.2886751,6,-7.5,7.7113249,6],"tri_indexes":[0,2,3,0,3,1],"number_of_triangles":2,"face_index":96,"orient":0},{"vertex_coord":[-7.5,7.7113249,6.5,-8,7.4226497,6.5,-7.5,7.7113249,6,-8,7.4226497,6],"tri_indexes":[1,0,2,1,2,3],"number_of_triangles":2,"face_index":97,"orient":0},{"vertex_coord":[-8,7.4226497,6.5,-8.5,7.7113249,6.5,-8,7.4226497,6,-8.5,7.7113249,6],"tri_indexes":[1,0,2,1,2,3],"number_of_triangles":2,"face_index":98,"orient":0},{"vertex_coord":[-8.5,7.7113249,6.5,-8.5,8.2886751,6.5,-8.5,7.7113249,6,-8.5,8.2886751,6],"tri_indexes":[3,1,0,3,0,2],"number_of_triangles":2,"face_index":99,"orient":0},{"vertex_coord":[-7.1,8,5.55,-7.1,8,6.4,-7.1261524,8.2153841,5.55,-7.2030896,8.4182509,5.55,-7.3263403,8.5968104,5.55,-7.4887417,8.7406855,5.55,-7.6808556,8.8415146,5.55,-7.891517,8.893438,5.55,-8.108483,8.893438,5.55,-8.3191444,8.8415146,5.55,-8.5112583,8.7406855,5.55,-8.6736597,8.5968104,5.55,-8.7969104,8.4182509,5.55,-8.8738476,8.2153841,5.55,-8.9,8,5.55,-8.9,8,6.4,-7.1261524,8.2153841,6.4,-7.2030896,8.4182509,6.4,-7.3263403,8.5968104,6.4,-7.4887417,8.7406855,6.4,-7.6808556,8.8415146,6.4,-7.891517,8.893438,6.4,-8.108483,8.893438,6.4,-8.3191444,8.8415146,6.4,-8.5112583,8.7406855,6.4,-8.6736597,8.5968104,6.4,-8.7969104,8.4182509,6.4,-8.8738476,8.2153841,6.4],