{"face_list":[{"vertex_coord":[-8,-8.9,-5.55,-7.6917541,-8.8453376,-5.55,-7.5050993,-8.7515881,-5.55,-7.2888934,-8.5515623,-5.55,-7.1488357,-8.2917733,-5.55,-7.1,-8,-5.55,-8.9,-8,-5.55,-8.8453376,-8.3082459,-5.55,-8.7515881,-8.4949007,-5.55,-8.5515623,-8.7111066,-5.55,-8.2917733,-8.8511643,-5.55,-8.8774351,-7.7997312,-5.55,-8.810872,-7.6095046,-5.55,-8.7036483,-7.4388592,-5.55,-8.5611408,-7.2963517,-5.55,-8.3904954,-7.189128,-5.55,-8.2002688,-7.1225649,-5.55,-8,-7.1,-5.55,-7.7997312,-7.1225649,-5.55,-7.6095046,-7.189128,-5.55,-7.4388592,-7.2963517,-5.55,-7.2963517,-7.4388592,-5.55,-7.189128,-7.6095046,-5.55,-7.1225649,-7.7997312,-5.55],"tri_indexes":[8,10,7,9,10,8,7,11,6,0,1,10,10,1,7,7,12,11,7,13,12,7,14,13,7,15,14,2,4,1,3,4,2,1,4,7,7,16,15,4,17,7,7,17,16,5,23,4,4,18,17,23,22,4,4,19,18,22,21,4,21,20,4,4,20,19],"number_of_triangles":22,"face_index":12,"orient":1},{"vertex_coord":[7.2,-8,-6.5,7.2482468,-8.2736168,-6.5,7.3316099,-8.4396074,-6.5,7.5734382,-8.6767901,-6.5,7.8356959,-8.782945,-6.5,8.0714433,-8.7968035,-6.5,8.2640116,-8.7551798,-6.5,8.5440287,-8.5865426,-6.5,8.733221,-8.3199796,-6.5,8.8,-8,-6.5,8.7517532,-7.7263832,-6.5,8.6683901,-7.5603926,-6.5,8.4265618,-7.3232099,-6.5,8.1643041,-7.217055,-6.5,7.9285567,-7.2031965,-6.5,7.7359884,-7.2448202,-6.5,7.4559713,-7.4134574,-6.5,7.266779,-7.6800204,-6.5,8.5,-8.2886751,-6.5,8,-8.5773503,-6.5,8.5,-7.7113249,-6.5,8,-7.4226497,-6.5,7.5,-7.7113249,-6.5,7.5,-8.2886751,-6.5],"tri_indexes":[18,7,6,18,8,7,18,9,8,19,5,4,19,6,5,19,18,6,3,19,4,20,10,9,20,11,10,20,9,18,23,19,3,2,23,3,12,11,20,1,23,2,21,12,20,13,12,21,0,22,23,0,23,1,14,13,21,15,21,22,15,14,21,17,22,0,16,15,22,16,22,17],"number_of_triangles":24,"face_index":13,"orient":0},{"vertex_coord":[7.1,-8,-6.4,7.1133975,-8,-6.45,7.15,-8,-6.4866025,7.2,-8,-6.5,7.2482468,-8.2736168,-6.5,7.3316099,-8.4396074,-6.5,7.5734382,-8.6767901,-6.5,7.8356959,-8.782945,-6.5,8.0714433,-8.7968035,-6.5,8.2640116,-8.7551798,-6.5,8.5440287,-8.5865426,-6.5,8.733221,-8.3199796,-6.5,8.8,-8,-6.5,8.9,-8,-6.4,8.8866025,-8,-6.45,8.85,-8,-6.4866025,8.8738476,-8.2153841,-6.4,8.7969104,-8.4182509,-6.4,8.6736597,-8.5968104,-6.4,8.5112583,-8.7406855,-6.4,8.3191444,-8.8415146,-6.4,8.108483,-8.893438,-6.4,7.891517,-8.893438,-6.4,7.6808556,-8.8415146,-6.4,7.4887417,-8.7406855,-6.4,7.3263403,-8.5968104,-6.4,7.2030896,-8.4182509,-6.4,7.1261524,-8.2153841,-6.4,8.8608395,-8.2121779,-6.45,8.8253005,-8.2034183,-6.4866025,8.8125931,-8.3546217,-6.45,8.7790459,-8.3399815,-6.4866025,8.6636315,-8.5879262,-6.45,8.6362341,-8.5636543,-6.4866025,8.6029206,-8.6500391,-6.45,8.5780296,-8.6232028,-6.4866025,8.5036476,-8.7296596,-6.45,8.482855,-8.6995363,-6.4866025,8.3143936,-8.8289878,-6.45,8.3014142,-8.7947638,-6.4866025,8.1068681,-8.8801382,-6.45,8.1024562,-8.8438025,-6.4866025,7.8931319,-8.8801382,-6.45,7.8975438,-8.8438025,-6.4866025,7.8179079,-8.8677019,-6.45,7.8254254,-8.8318796,-6.4866025,7.6856064,-8.8289878,-6.45,7.6985858,-8.7947638,-6.4866025,7.5272596,-8.7500537,-6.45,7.5467762,-8.7190885,-6.4866025,7.3363685,-8.5879262,-6.45,7.3637659,-8.5636543,-6.4866025,7.2592544,-8.4871961,-6.45,7.2898354,-8.4670826,-6.4866025,7.2149524,-8.4120247,-6.45,7.2473624,-8.3950147,-6.4866025,7.1668661,-8.3032359,-6.45,7.2012613,-8.2907171,-6.4866025,7.1391605,-8.2121779,-6.45,7.1746995,-8.2034183,-6.4866025],"tri_indexes":[16,14,13,28,14,16,29,11,12,29,15,14,29,12,15,29,14,28,30,16,17,30,28,16,31,30,17,31,29,28,31,28,30,31,11,29,32,17,18,33,10,11,33,31,17,33,11,31,33,17,32,34,18,19,34,32,18,35,10,33,35,32,34,35,33,32,36,34,19,37,9,10,37,34,36,37,35,34,37,10,35,38,19,20,38,36,19,39,37,36,39,36,38,39,9,37,40,20,21,40,38,20,41,8,9,41,39,38,41,9,39,41,38,40,42,21,22,42,40,21,43,7,8,43,8,41,43,41,40,43,40,42,44,22,23,44,42,22,44,43,42,45,43,44,45,7,43,46,44,23,47,45,44,47,7,45,47,44,46,47,6,7,48,46,23,48,23,24,49,46,48,49,47,46,49,6,47,49,48,24,50,24,25,51,5,6,51,6,49,51,49,24,51,24,50,52,50,25,52,25,26,53,5,51,53,51,50,53,50,52,54,52,26,55,4,5,55,5,53,55,53,52,55,52,54,56,26,27,56,54,26,57,55,54,57,54,56,57,4,55,58,0,1,58,1,2,58,27,0,58,56,27,58,57,56,59,2,3,59,3,4,59,4,57,59,57,58,59,58,2],"number_of_triangles":90,"face_index":14,"orient":0},{"vertex_coord":[8.9,-8,-6.4,8.8866025,-8,-6.45,8.85,-8,-6.4866025,8.8,-8,-6.5,8.7517532,-7.7263832,-6.5,8.6683901,-7.5603926,-6.5,8.4265618,-7.3232099,-6.5,8.1643041,-7.217055,-6.5,7.9285567,-7.2031965,-6.5,7.7359884,-7.2448202,-6.5,7.4559713,-7.4134574,-6.5,7.266779,-7.6800204,-6.5,7.2,-8,-6.5,7.1,-8,-6.4,7.1133975,-8,-6.45,7.15,-8,-6.4866025,7.1261524,-7.7846159,-6.4,7.2030896,-7.5817491,-6.4,7.3263403,-7.4031896,-6.4,7.4887417,-7.2593145,-6.4,7.6808556,-7.1584854,-6.4,7.891517,-7.106562,-6.4,8.108483,-7.106562,-6.4,8.3191444,-7.1584854,-6.4,8.5112583,-7.2593145,-6.4,8.6736597,-7.4031896,-6.4,8.7969104,-7.5817491,-6.4,8.8738476,-7.7846159,-6.4,7.1391605,-7.7878221,-6.45,7.1746995,-7.7965817,-6.4866025,7.1874069,-7.6453783,-6.45,7.2209541,-7.6600185,-6.4866025,7.3363685,-7.4120738,-6.45,7.3637659,-7.4363457,-6.4866025,7.3970794,-7.3499609,-6.45,7.4219704,-7.3767972,-6.4866025,7.4963524,-7.2703404,-6.45,7.517145,-7.3004637,-6.4866025,7.6856064,-7.1710122,-6.45,7.6985858,-7.2052362,-6.4866025,7.8931319,-7.1198618,-6.45,7.8975438,-7.1561975,-6.4866025,8.1068681,-7.1198618,-6.45,8.1024562,-7.1561975,-6.4866025,8.1820921,-7.1322981,-6.45,8.1745746,-7.1681204,-6.4866025,8.3143936,-7.1710122,-6.45,8.3014142,-7.2052362,-6.4866025,8.4727404,-7.2499463,-6.45,8.4532238,-7.2809115,-6.4866025,8.6636315,-7.4120738,-6.45,8.6362341,-7.4363457,-6.4866025,8.7407456,-7.5128039,-6.45,8.7101646,-7.5329174,-6.4866025,8.7850476,-7.5879753,-6.45,8.7526376,-7.6049853,-6.4866025,8.8331339,-7.6967641,-6.45,8.7987387,-7.7092829,-6.4866025,8.8608395,-7.7878221,-6.45,8.8253005,-7.7965817,-6.4866025],"tri_indexes":[28,14,13,28,13,16,29,11,12,29,15,14,29,12,15,29,14,28,30,16,17,30,28,16,31,30,17,31,29,28,31,28,30,31,11,29,32,17,18,33,10,11,33,31,17,33,11,31,33,17,32,34,18,19,34,32,18,35,10,33,35,32,34,35,33,32,36,34,19,37,9,10,37,35,34,37,34,36,37,10,35,38,19,20,38,36,19,39,36,38,39,37,36,39,9,37,40,20,21,40,38,20,40,39,38,41,8,9,41,9,39,41,39,40,42,21,22,42,40,21,43,7,8,43,8,41,43,41,40,43,40,42,44,22,23,44,42,22,44,43,42,45,43,44,45,7,43,46,44,23,47,45,44,47,7,45,47,44,46,47,6,7,48,46,23,48,23,24,49,46,48,49,47,46,49,6,47,49,48,24,50,24,25,51,5,6,51,6,49,51,49,24,51,24,50,52,50,25,52,25,26,53,5,51,53,51,50,53,50,52,54,52,26,54,53,52,55,4,5,55,5,53,55,53,54,56,26,27,56,54,26,56,55,54,57,55,56,57,4,55,58,0,1,58,27,0,58,56,27,59,1,2,59,2,3,59,3,4,59,57,56,59,58,1,59,4,57,59,56,58],"number_of_triangles":90,"face_index":15,"orient":0},{"vertex_coord":[8.5,-8.2886751,-6.5,8,-8.5773503,-6.5,8,-8.5773503,-6,8.5,-8.2886751,-6],"tri_indexes":[2,0,1,2,3,0],"number_of_triangles":2,"face_index":16,"orient":0},{"vertex_coord":[8.5,-7.7113249,-6.5,8.5,-8.2886751,-6.5,8.5,-8.2886751,-6,8.5,-7.7113249,-6],"tri_indexes":[3,0,1,3,1,2],"number_of_triangles":2,"face_index":17,"orient":0},{"vertex_coord":[8,-7.4226497,-6.5,8.5,-7.7113249,-6.5,8.5,-7.7113249,-6,8,-7.4226497,-6],"tri_indexes":[1,3,0,2,3,1],"number_of_triangles":2,"face_index":18,"orient":0},{"vertex_coord":[7.5,-7.7113249,-6.5,8,-7.4226497,-6.5,8,-7.4226497,-6,7.5,-7.7113249,-6],"tri_indexes":[1,3,0,2,3,1],"number_of_triangles":2,"face_index":19,"orient":0},{"vertex_coord":[7.5,-8.2886751,-6.5,7.5,-7.7113249,-6.5,7.5,-7.7113249,-6,7.5,-8.2886751,-6],"tri_indexes":[1,2,3,1,3,0],"number_of_triangles":2,"face_index":20,"orient":0},{"vertex_coord":[8,-8.5773503,-6.5,7.5,-8.2886751,-6.5,7.5,-8.2886751,-6,8,-8.5773503,-6],"tri_indexes":[1,3,0,2,3,1],"number_of_triangles":2,"face_index":21,