{"face_list":[{"vertex_coord":[7.1,-8,-5.55,7.1543469,-8.3077562,-5.55,7.2482285,-8.4944001,-5.55,7.3700047,-8.6423359,-5.55,7.662391,-8.8341617,-5.55,7.9471862,-8.8984484,-5.55,8.1901198,-8.8796637,-5.55,8.3825866,-8.8144767,-5.55,8.6556112,-8.6161702,-5.55,8.8366466,-8.3314153,-5.55,8.9,-8,-5.55,7.1261524,-7.7846159,-5.55,7.2030896,-7.5817491,-5.55,7.3263403,-7.4031896,-5.55,7.4887417,-7.2593145,-5.55,7.6808556,-7.1584854,-5.55,7.891517,-7.106562,-5.55,8.108483,-7.106562,-5.55,8.3191444,-7.1584854,-5.55,8.5112583,-7.2593145,-5.55,8.6736597,-7.4031896,-5.55,8.7969104,-7.5817491,-5.55,8.8738476,-7.7846159,-5.55],"tri_indexes":[7,5,6,9,22,8,10,22,9,7,4,5,22,21,8,21,20,8,8,3,7,7,3,4,20,19,8,19,18,8,18,17,8,2,0,1,8,16,3,17,16,8,2,11,0,16,15,3,2,12,11,15,14,3,3,13,2,14,13,3,2,13,12],"number_of_triangles":21,"face_index":25,"orient":1},{"vertex_coord":[8,7.2,-6.5,8.2736158,7.2482467,-6.5,8.4396083,7.3316105,-6.5,8.5898217,7.4595287,-6.5,8.7041625,7.6203225,-6.5,8.7756705,7.8042065,-6.5,8.8,8,-6.5,7.2,8,-6.5,7.2482466,7.7263838,-6.5,7.3316094,7.5603934,-6.5,7.4595279,7.4101792,-6.5,7.6203195,7.295839,-6.5,7.8042041,7.2243308,-6.5,8,8.8,-6.5,7.7263842,8.7517533,-6.5,7.5603917,8.6683895,-6.5,7.4101783,8.5404713,-6.5,7.2958375,8.3796775,-6.5,7.2243295,8.1957935,-6.5,8.7517534,8.2736162,-6.5,8.6683906,8.4396066,-6.5,8.5404721,8.5898208,-6.5,8.3796805,8.704161,-6.5,8.1957959,8.7756692,-6.5,8.2886751,8.5,-6.5,8.5773503,8,-6.5,7.7113249,8.5,-6.5,7.4226497,8,-6.5,7.7113249,7.5,-6.5,8.2886751,7.5,-6.5],"tri_indexes":[24,21,20,24,22,21,24,23,22,24,13,23,25,6,5,25,19,6,25,20,19,25,24,20,4,25,5,26,14,13,26,15,14,26,13,24,16,15,26,29,4,3,29,25,4,2,29,3,17,16,26,1,29,2,27,17,26,18,17,27,0,28,29,0,29,1,7,18,27,12,28,0,8,7,27,11,28,12,9,27,28,9,8,27,10,9,28,10,28,11],"number_of_triangles":30,"face_index":26,"orient":0},{"vertex_coord":[8,8.9,-6.4,8,8.8866025,-6.45,8,8.85,-6.4866025,8,8.8,-6.5,8.2002688,8.8774351,-6.4,8.3904954,8.810872,-6.4,8.5611408,8.7036483,-6.4,8.7036483,8.5611408,-6.4,8.810872,8.3904954,-6.4,8.8774351,8.2002688,-6.4,8.9,8,-6.4,8.8774351,7.7997312,-6.4,8.810872,7.6095046,-6.4,8.7036483,7.4388592,-6.4,8.5611408,7.2963517,-6.4,8.3904954,7.189128,-6.4,8.2002688,7.1225649,-6.4,8,7.1,-6.4,8,7.1133975,-6.45,8,7.15,-6.4866025,8,7.2,-6.5,8.2736158,7.2482467,-6.5,8.4396083,7.3316105,-6.5,8.5898217,7.4595287,-6.5,8.7041625,7.6203225,-6.5,8.7756705,7.8042065,-6.5,8.8,8,-6.5,8.7517534,8.2736162,-6.5,8.6683906,8.4396066,-6.5,8.5404721,8.5898208,-6.5,8.3796805,8.704161,-6.5,8.1957959,8.7756692,-6.5,8.1972876,8.8643736,-6.45,8.1891428,8.8286887,-6.4866025,8.3846824,8.7988013,-6.45,8.3688012,8.7658235,-6.4866025,8.5527876,8.6931738,-6.45,8.5299663,8.6645568,-6.4866025,8.59898,8.653672,-6.45,8.5742517,8.6266857,-6.4866025,8.6931738,8.5527876,-6.45,8.6645568,8.5299663,-6.4866025,8.7407456,8.4871961,-6.45,8.7101646,8.4670826,-6.4866025,8.7988013,8.3846824,-6.45,8.7658235,8.3688012,-6.4866025,8.8331339,8.3032359,-6.45,8.7987387,8.2907171,-6.4866025,8.8643736,8.1972876,-6.45,8.8286887,8.1891428,-6.4866025,8.8866025,8,-6.45,8.85,8,-6.4866025,8.8643736,7.8027124,-6.45,8.8286887,7.8108572,-6.4866025,8.7988013,7.6153176,-6.45,8.7658235,7.6311988,-6.4866025,8.6931738,7.4472124,-6.45,8.6645568,7.4700337,-6.4866025,8.653672,7.40102,-6.45,8.6266857,7.4257483,-6.4866025,8.5527876,7.3068262,-6.45,8.5299663,7.3354432,-6.4866025,8.4871961,7.2592544,-6.45,8.4670826,7.2898354,-6.4866025,8.3846824,7.2011987,-6.45,8.3688012,7.2341765,-6.4866025,8.3032359,7.1668661,-6.45,8.2907171,7.2012613,-6.4866025,8.1972876,7.1356264,-6.45,8.1891428,7.1713113,-6.4866025],"tri_indexes":[4,1,0,32,1,4,33,2,1,33,3,2,33,31,3,33,1,32,34,4,5,34,32,4,35,30,31,35,31,33,35,33,32,35,34,30,35,32,34,36,5,6,36,34,5,36,30,34,37,29,30,37,30,36,38,6,7,38,36,6,39,29,37,39,37,36,39,36,38,40,38,7,41,28,29,41,39,38,41,29,39,41,38,40,42,7,8,42,40,7,43,28,41,43,41,40,43,40,42,44,42,8,45,27,28,45,28,43,45,43,42,45,42,44,46,8,9,46,44,8,47,45,44,47,27,45,47,44,46,48,46,9,49,47,46,49,27,47,49,26,27,49,46,48,50,48,9,50,9,10,51,48,50,51,49,48,51,26,49,52,10,11,52,50,10,53,51,50,53,26,51,53,50,52,53,25,26,54,11,12,54,53,52,54,52,11,55,25,53,55,24,25,55,54,24,55,53,54,56,12,13,56,54,12,56,24,54,57,23,24,57,24,56,58,13,14,58,56,13,59,23,57,59,57,56,59,56,58,60,59,58,60,58,14,61,22,23,61,23,59,61,59,60,62,14,15,62,60,14,63,22,61,63,61,60,63,60,62,64,62,15,65,21,22,65,22,63,65,62,64,65,63,62,66,15,16,66,64,15,67,21,65,67,65,64,67,64,66,68,16,17,68,17,18,68,66,16,68,67,66,69,18,19,69,19,20,69,20,21,69,21,67,69,67,68,69,68,18],"number_of_triangles":106,"face_index":27,"orient":0},{"vertex_coord":[8,8.8,-6.5,7.7263842,8.7517533,-6.5,7.5603917,8.6683895,-6.5,7.4101783,8.5404713,-6.5,7.2958375,8.3796775,-6.5,7.2243295,8.1957935,-6.5,7.2,8,-6.5,7.2482466,7.7263838,-6.5,7.3316094,7.5603934,-6.5,7.4595279,7.4101792,-6.5,7.6203195,7.295839,-6.5,7.8042041,7.2243308,-6.5,8,7.2,-6.5,8,7.1,-6.4,8,7.1133975,-6.45,8,7.15,-6.4866025,7.7997312,7.1225649,-6.4,7.6095046,7.189128,-6.4,7.4388592,7.2963517,-6.4,7.2963517,7.4388592,-6.4,7.189128,7.6095046,-6.4,7.1225649,7.7997312,-6.4,7.1,8,-6.4,7.1225649,8.2002688,-6.4,7.189128,8.3904954,-6.4,7.2963517,8.5611408,-6.4,7.4388592,8.7036483,-6.4,7.6095046,8.810872,-6.4,7.7997312,8.8774351,-6.4,8,8.9,-6.4,8,8.8866025,-6.45,8,8.85,-6.4866025,7.8027124,7.1356264,-6.45,7.8108572,7.1713113,-6.4866025,7.6153176,7.2011987,-6.45,7.6311988,7.2341765,-6.4866025,7.4472124,7.3068262,-6.45,7.4700337,7.3354432,-6.4866025,7.40102,7.346328,-6.45,7.4257483,7.3733143,-6.4866025,7.3068262,7.4472124,-6.45,7.3354432,7.4700337,-6.4866025,7.2592544,7.5128039,-6.45,7.2898354,7.5329174,-6.4866025,7.2011987,7.6153176,-6.45,7.2341765,7.6311988,-6.4866025,7.1668661,7.6967641,-6.45,7.2012613,7.7092829,-6.4866025,7.1356264,7.8027124,-6.45,7.1713113,7.8108572,-6.4866025,7.1133975,8,-6.45,7.15,8,-6.4866025,7.1356264,8.1972876,-6.45,7.1713113,8.1891428,-6.4866025,7.2011987,8.3846824,-6.45,7.2341765,8.3688012,-6.4866025,7.3068262,8.5527876,-6.45,7.3354432,8.5299663,-6.4866025,7.346328,8.59898,-6.45,7.3733143,8.5742517,-6.4866025,7.4472124,8.6931738,-6.45,7.4700337,8.6645568,-6.4866025,7.5128039,8.7407456,-6.45,7.5329174,8.7101646,-6.4866025,7.6153176,8.7988013,-6.45,7.6311988,8.7658235,-6.4866025,7.6967641,8.8331339,-6.45,7.7092829,8.7987387,-6.4866025,7.8027124,8.8643736,-6.45,7.8108572,8.8286887,-6.4866025],"tri_indexes":[16,14,13,30,28,29,32,14,16,33,11,12,33,15,14,33,12,15,33,14,32,34,16,17,34,32,16,35,10,11,35,34,10,35,33,32,35,32,34,35,11,33,36,17,18,36,34,17,36,10,34,37,9,10,37,10,36,38,18,19,38,36,18,39,9,37,39,37,36,39,36,38,40,38,19,41,8,9,41,38,40,41,9,39,41,39,38,42,19,20,42,40,19,43,8,41,43,41,40,43,40,42,44,42,20,45,7,8,45,43,42,45,8,43,45,42,44,46,20,21,46,44,20,47,45,44,47,44,46,47,7,45,48,46,21,48,47,46,49,6,7,49,7,47,49,47,48,50,48,21,50,21,22,51,6,49,51,49,48,51,48,50,52,50,22,52,22,23,53,5,6,53,6,51,53,51,50,53,50,52,54,52,23,54,23,24,55,4,5,55,5,53,55,53,52,55,54,4,55,52,54,56,24,25,56,54,24,56,4,54,57,3,4,57,4,56,58,25,26,58,56,25,59,3,57,59,57,56,59,56,58,60,58,26,61,2,3,61,3,59,61,58,60,61,59,58,62,26,27,62,60,26,63,2,61,63,61,60,63,60,62,64,62,27,64,63,62,65,1,2,65,2,63,65,63,64,66,27,28,66,64,27,67,1,65,67,65,64,67,64,66,68,66,28,68,28,30,69,0,1,69,30,31,69,31,0,69,1,67,69,67,66,69,66,68,69,68,30],"number_of_triangles":106,"face_index":28,"orient":0},{"vertex_coord":[8.2886751,8.5,-6.5,8.5773503,8,-6.5,8.5773503,8,-6,8.2886751,8.5,-6],"tri_indexes":[2,0,1,2,3,0],"number_of_triangles":2,"face_index":29,"orient":0},{"vertex_coord":[7.7113249,8.5,-6.5,8.2886751,8.5,-6.5,8.2886751,8.5,-6,7.7113249,8.5,-6],"tri_indexes":[3,0,1,3,1,2],"number_of_triangles":2,"face_index":30,"orient":0},{"vertex_coord":[7.4226497,8,-6.5,7.7113249,8.5,-6.5,7.7113249,8.5,-6,7.4226497,8,-6],"tri_indexes":[1,3,0,2,3,1],"number_of_triangles":2,"face_index":31,"orient":0},{"vertex_coord":[7.7113249,7.5,-6.5,7.4226497,8,-6.5,7.4226497,8,-6,7.7113249,7.5,-6],"tri_indexes":[1,3,0,2,3,1],"number_of_triangles":2,"face_index":32,