{"face_list":[{"vertex_coord":[-8.9,8,-5.55,-8.8456531,7.6922438,-5.55,-8.7517715,7.5055999,-5.55,-8.6299953,7.3576641,-5.55,-8.337609,7.1658383,-5.55,-8.0528138,7.1015516,-5.55,-7.8098802,7.1203363,-5.55,-7.6174134,7.1855233,-5.55,-7.3443888,7.3838298,-5.55,-7.1633534,7.6685847,-5.55,-7.1,8,-5.55,-8.8738476,8.2153841,-5.55,-8.7969104,8.4182509,-5.55,-8.6736597,8.5968104,-5.55,-8.5112583,8.7406855,-5.55,-8.3191444,8.8415146,-5.55,-8.108483,8.893438,-5.55,-7.891517,8.893438,-5.55,-7.6808556,8.8415146,-5.55,-7.4887417,8.7406855,-5.55,-7.3263403,8.5968104,-5.55,-7.2030896,8.4182509,-5.55,-7.1261524,8.2153841,-5.55],"tri_indexes":[1,2,0,0,2,11,11,2,12,12,2,13,13,3,14,14,3,15,15,3,16,2,3,13,22,9,10,4,7,3,5,7,4,6,7,5,16,8,17,17,8,18,18,8,19,19,8,20,20,8,21,21,8,22,3,8,16,7,8,3,22,8,9],"number_of_triangles":21,"face_index":51,"orient":1},{"vertex_coord":[8.8,8,6.5,8.7799423,8.1780167,6.5,8.7207751,8.347107,6.5,8.6254652,8.4987918,6.5,8.4987918,8.6254652,6.5,8.347107,8.7207751,6.5,8.1780167,8.7799423,6.5,8,8.8,6.5,7.8219833,8.7799423,6.5,7.652893,8.7207751,6.5,7.5012082,8.6254652,6.5,7.3745348,8.4987918,6.5,7.2792249,8.347107,6.5,7.2200577,8.1780167,6.5,7.2,8,6.5,7.2200577,7.8219833,6.5,7.2792249,7.652893,6.5,7.3745348,7.5012082,6.5,7.5012082,7.3745348,6.5,7.652893,7.2792249,6.5,7.8219833,7.2200577,6.5,8,7.2,6.5,8.1780167,7.2200577,6.5,8.347107,7.2792249,6.5,8.4987918,7.3745348,6.5,8.6254652,7.5012082,6.5,8.7207751,7.652893,6.5,8.7799423,7.8219833,6.5,8.2886751,8.5,6.5,8.5773503,8,6.5,8.2886751,7.5,6.5,7.7113249,7.5,6.5,7.4226497,8,6.5,7.7113249,8.5,6.5],"tri_indexes":[33,7,8,33,8,9,33,9,10,33,10,11,33,11,12,32,12,13,32,13,14,32,14,15,32,33,12,16,32,15,28,5,6,28,6,7,28,7,33,4,5,28,3,4,28,31,16,17,31,17,18,31,32,16,19,31,18,2,3,28,29,2,28,20,31,19,1,2,29,21,30,31,21,31,20,0,1,29,22,30,21,27,0,29,23,30,22,26,29,30,26,27,29,24,30,23,25,30,24,25,26,30],"number_of_triangles":34,"face_index":52,"orient":0},{"vertex_coord":[8,8.9,6.4,8,8.8866025,6.45,8,8.85,6.4866025,8,8.8,6.5,8.8,8,6.5,8.7799423,8.1780167,6.5,8.7207751,8.347107,6.5,8.6254652,8.4987918,6.5,8.4987918,8.6254652,6.5,8.347107,8.7207751,6.5,8.1780167,8.7799423,6.5,8,7.2,6.5,8.1780167,7.2200577,6.5,8.347107,7.2792249,6.5,8.4987918,7.3745348,6.5,8.6254652,7.5012082,6.5,8.7207751,7.652893,6.5,8.7799423,7.8219833,6.5,8,7.1,6.4,8,7.1133975,6.45,8,7.15,6.4866025,8.2002688,7.1225649,6.4,8.3904954,7.189128,6.4,8.5611408,7.2963517,6.4,8.7036483,7.4388592,6.4,8.810872,7.6095046,6.4,8.8774351,7.7997312,6.4,8.9,8,6.4,8.8774351,8.2002688,6.4,8.810872,8.3904954,6.4,8.7036483,8.5611408,6.4,8.5611408,8.7036483,6.4,8.3904954,8.810872,6.4,8.2002688,8.8774351,6.4,8.1972876,7.1356264,6.45,8.1891428,7.1713113,6.4866025,8.3846824,7.2011987,6.45,8.3688012,7.2341765,6.4866025,8.5527876,7.3068262,6.45,8.5299663,7.3354432,6.4866025,8.6931738,7.4472124,6.45,8.6645568,7.4700337,6.4866025,8.7988013,7.6153176,6.45,8.7658235,7.6311988,6.4866025,8.8643736,7.8027124,6.45,8.8286887,7.8108572,6.4866025,8.8866025,8,6.45,8.85,8,6.4866025,8.8643736,8.1972876,6.45,8.8286887,8.1891428,6.4866025,8.7988013,8.3846824,6.45,8.7658235,8.3688012,6.4866025,8.6931738,8.5527876,6.45,8.6645568,8.5299663,6.4866025,8.5527876,8.6931738,6.45,8.5299663,8.6645568,6.4866025,8.3846824,8.7988013,6.45,8.3688012,8.7658235,6.4866025,8.1972876,8.8643736,6.45,8.1891428,8.8286887,6.4866025],"tri_indexes":[12,11,20,34,19,18,34,18,21,35,20,19,35,12,20,35,19,34,36,21,22,36,34,21,37,13,12,37,34,36,37,12,35,37,35,34,38,22,23,38,36,22,39,36,38,39,14,13,39,13,37,39,37,36,40,23,24,40,38,23,41,15,14,41,39,38,41,14,39,41,38,40,42,24,25,42,40,24,43,16,15,43,15,41,43,40,42,43,41,40,44,25,26,44,42,25,45,17,16,45,43,42,45,16,43,45,42,44,46,26,27,46,44,26,47,4,17,47,17,45,47,45,44,47,44,46,48,46,27,48,27,28,49,5,4,49,6,5,49,47,46,49,46,48,49,4,47,50,48,28,50,28,29,50,29,30,51,7,6,51,49,48,51,6,49,51,48,50,52,50,30,53,7,51,53,51,50,53,50,52,54,52,30,54,30,31,55,8,7,55,53,52,55,7,53,55,52,54,56,54,31,56,55,54,56,31,32,57,9,8,57,8,55,57,55,56,58,0,1,58,56,32,58,32,33,58,33,0,59,1,2,59,2,3,59,10,9,59,3,10,59,9,57,59,58,1,59,57,56,59,56,58],"number_of_triangles":84,"face_index":53,"orient":0},{"vertex_coord":[8,7.1,6.4,8,7.1133975,6.45,8,7.15,6.4866025,8,7.2,6.5,7.2,8,6.5,7.2200577,7.8219833,6.5,7.2792249,7.652893,6.5,7.3745348,7.5012082,6.5,7.5012082,7.3745348,6.5,7.652893,7.2792249,6.5,7.8219833,7.2200577,6.5,8,8.8,6.5,7.8219833,8.7799423,6.5,7.652893,8.7207751,6.5,7.5012082,8.6254652,6.5,7.3745348,8.4987918,6.5,7.2792249,8.347107,6.5,7.2200577,8.1780167,6.5,8,8.9,6.4,8,8.8866025,6.45,8,8.85,6.4866025,7.7997312,8.8774351,6.4,7.6095046,8.810872,6.4,7.4388592,8.7036483,6.4,7.2963517,8.5611408,6.4,7.189128,8.3904954,6.4,7.1225649,8.2002688,6.4,7.1,8,6.4,7.1225649,7.7997312,6.4,7.189128,7.6095046,6.4,7.2963517,7.4388592,6.4,7.4388592,7.2963517,6.4,7.6095046,7.189128,6.4,7.7997312,7.1225649,6.4,7.8027124,8.8643736,6.45,7.8108572,8.8286887,6.4866025,7.6153176,8.7988013,6.45,7.6311988,8.7658235,6.4866025,7.4472124,8.6931738,6.45,7.4700337,8.6645568,6.4866025,7.3068262,8.5527876,6.45,7.3354432,8.5299663,6.4866025,7.2011987,8.3846824,6.45,7.2341765,8.3688012,6.4866025,7.1356264,8.1972876,6.45,7.1713113,8.1891428,6.4866025,7.1133975,8,6.45,7.15,8,6.4866025,7.1356264,7.8027124,6.45,7.1713113,7.8108572,6.4866025,7.2011987,7.6153176,6.45,7.2341765,7.6311988,6.4866025,7.3068262,7.4472124,6.45,7.3354432,7.4700337,6.4866025,7.4472124,7.3068262,6.45,7.4700337,7.3354432,6.4866025,7.6153176,7.2011987,6.45,7.6311988,7.2341765,6.4866025,7.8027124,7.1356264,6.45,7.8108572,7.1713113,6.4866025],"tri_indexes":[21,19,18,3,10,2,34,19,21,35,12,11,35,20,19,35,11,20,35,19,34,36,21,22,36,34,21,37,13,12,37,34,36,37,35,34,37,12,35,38,22,23,38,36,22,39,36,38,39,14,13,39,13,37,39,37,36,40,23,24,40,38,23,41,15,14,41,39,38,41,14,39,41,38,40,42,40,24,42,24,25,43,16,15,43,40,42,43,41,40,43,15,41,44,25,26,44,42,25,45,17,16,45,43,42,45,16,43,45,42,44,46,26,27,46,44,26,46,45,44,47,4,17,47,17,45,47,45,46,48,46,27,48,27,28,49,5,4,49,6,5,49,47,46,49,46,48,49,4,47,50,48,28,50,49,48,50,28,29,51,49,50,51,6,49,52,50,29,52,29,30,53,7,6,53,6,51,53,51,50,53,50,52,54,52,30,54,30,31,55,8,7,55,53,52,55,7,53,55,52,54,56,54,31,56,31,32,57,9,8,57,10,9,57,55,54,57,8,55,57,54,56,58,0,1,58,56,32,58,32,33,58,33,0,58,57,56,59,2,10,59,58,1,59,1,2,59,10,57,59,57,58],"number_of_triangles":84,"face_index":54,"orient":0},{"vertex_coord":[8.2886751,8.5,6.5,8.5773503,8,6.5,8.2886751,8.5,6,8.5773503,8,6],"tri_indexes":[1,0,2,1,2,3],"number_of_triangles":2,"face_index":55,"orient":0},{"vertex_coord":[8.5773503,8,6.5,8.2886751,7.5,6.5,8.5773503,8,6,8.2886751,7.5,6],"tri_indexes":[3,0,2,1,0,3],"number_of_triangles":2,"face_index":56,"orient":0},{"vertex_coord":[8.2886751,7.5,6.5,7.7113249,7.5,6.5,8.2886751,7.5,6,7.7113249,7.5,6],"tri_indexes":[0,2,3,0,3,1],"number_of_triangles":2,"face_index":57,"orient":0},{"vertex_coord":[7.7113249,7.5,6.5,7.4226497,8,6.5,7.7113249,7.5,6,7.4226497,8,6],"tri_indexes":[1,0,2,1,2,3],"number_of_triangles":2,"face_index":58,"orient":0},{"vertex_coord":[7.4226497,8,6.5,7.7113249,8.5,6.5,7.4226497,8,6,7.7113249,8.5,6],"tri_indexes":[1,0,2,1,2,3],"number_of_triangles":2,"face_index":59,"orient":0},{"vertex_coord":[7.7113249,8.5,6.5,8.2886751,8.5,6.5,7.7113249,8.5,6,8.2886751,8.5,6],"tri_indexes":[3,1,0,3,0,2],"number_of_triangles":2,"face_index":60,"orient":0},{"vertex_coord":[8,7.1,5.55,8,7.1,6.4,8.2002688,7.1225649,5.55,8.3904954,7.189128,5.55,8.5611408,7.2963517,5.55,8.7036483,7.4388592,5.55,8.810872,7.6095046,5.55,8.8774351,7.7997312,5.55,8.9,8,5.55,8.8453376,8.3082459,5.55,8.7515881,8.4949007,5.55,8.5515623,8.7111066,5.55,8.2917733,8.8511643,5.55,8,8.9,5.55,8,8.9,6.4,8.9,8,6.4,8.8774351,8.2002688,6.4,8.810872,8.3904954,6.4,8.7036483,8.5611408,6.4,8.5611408,8.7036483,6.4,8.3904954,8.810872,6.4,8.2002688,8.8774351,6.4,8.2002688,7.1225649,6.4,8.3904954,7.189128,6.4,8.5611408,7.2963517,6.4,8.7036483,7.4388592,6.4,8.810872,7.6095046,6.4,8.8774351,7.7997312,6.4],