{"face_list":[{"vertex_coord":[8.9,8,5.55,8.8453376,8.3082459,5.55,8.7515881,8.4949007,5.55,8.5515623,8.7111066,5.55,8.2917733,8.8511643,5.55,8,8.9,5.55,7.6917541,8.8453376,5.55,7.5050993,8.7515881,5.55,7.2888934,8.5515623,5.55,7.1488357,8.2917733,5.55,7.1,8,5.55,7.1225649,7.7997312,5.55,7.189128,7.6095046,5.55,7.2963517,7.4388592,5.55,7.4388592,7.2963517,5.55,7.6095046,7.189128,5.55,7.7997312,7.1225649,5.55,8,7.1,5.55,8.2002688,7.1225649,5.55,8.3904954,7.189128,5.55,8.5611408,7.2963517,5.55,8.7036483,7.4388592,5.55,8.810872,7.6095046,5.55,8.8774351,7.7997312,5.55],"tri_indexes":[6,9,7,7,9,8,9,11,10,5,4,6,9,12,11,9,13,12,9,14,13,3,2,4,9,15,14,6,1,9,4,1,6,2,1,4,9,16,15,1,17,9,9,17,16,1,18,17,0,23,1,1,19,18,23,22,1,1,20,19,22,21,1,1,21,20],"number_of_triangles":22,"face_index":64,"orient":1},{"vertex_coord":[8.8,-8,6.5,8.7767535,-7.8085475,6.5,8.7083648,-7.6282215,6.5,8.5988086,-7.4695019,6.5,8.4544518,-7.3416129,6.5,8.2836839,-7.251987,6.5,8.0964293,-7.2058329,6.5,7.9035707,-7.2058329,6.5,7.7163161,-7.251987,6.5,7.5455482,-7.3416129,6.5,7.4011914,-7.4695019,6.5,7.2916352,-7.6282215,6.5,7.2232465,-7.8085475,6.5,7.2,-8,6.5,7.2232465,-8.1914525,6.5,7.2916352,-8.3717785,6.5,7.4011914,-8.5304981,6.5,7.5455482,-8.6583871,6.5,7.7163161,-8.748013,6.5,7.9035707,-8.7941671,6.5,8.0964293,-8.7941671,6.5,8.2836839,-8.748013,6.5,8.4544518,-8.6583871,6.5,8.5988086,-8.5304981,6.5,8.7083648,-8.3717785,6.5,8.7767535,-8.1914525,6.5,8.5,-8.2886751,6.5,8,-8.5773503,6.5,7.5,-8.2886751,6.5,7.5,-7.7113249,6.5,8,-7.4226497,6.5,8.5,-7.7113249,6.5],"tri_indexes":[31,0,1,31,1,2,31,2,3,31,3,4,30,4,5,30,5,6,30,6,7,30,31,4,8,30,7,26,24,25,26,25,0,26,0,31,9,30,8,23,24,26,22,23,26,29,9,10,29,30,9,11,29,10,27,21,22,27,22,26,12,29,11,20,21,27,13,28,29,13,29,12,19,20,27,14,28,13,18,19,27,15,28,14,17,27,28,17,18,27,16,17,28,16,28,15],"number_of_triangles":32,"face_index":65,"orient":0},{"vertex_coord":[7.1,-8,6.4,7.1133975,-8,6.45,7.15,-8,6.4866025,7.2,-8,6.5,8.8,-8,6.5,8.7767535,-7.8085475,6.5,8.7083648,-7.6282215,6.5,8.5988086,-7.4695019,6.5,8.4544518,-7.3416129,6.5,8.2836839,-7.251987,6.5,8.0964293,-7.2058329,6.5,7.9035707,-7.2058329,6.5,7.7163161,-7.251987,6.5,7.5455482,-7.3416129,6.5,7.4011914,-7.4695019,6.5,7.2916352,-7.6282215,6.5,7.2232465,-7.8085475,6.5,8.9,-8,6.4,8.8866025,-8,6.45,8.85,-8,6.4866025,8.8738476,-7.7846159,6.4,8.7969104,-7.5817491,6.4,8.6736597,-7.4031896,6.4,8.5112583,-7.2593145,6.4,8.3191444,-7.1584854,6.4,8.108483,-7.106562,6.4,7.891517,-7.106562,6.4,7.6808556,-7.1584854,6.4,7.4887417,-7.2593145,6.4,7.3263403,-7.4031896,6.4,7.2030896,-7.5817491,6.4,7.1261524,-7.7846159,6.4,8.8608395,-7.7878221,6.45,8.8253005,-7.7965817,6.4866025,8.7850476,-7.5879753,6.45,8.7526376,-7.6049853,6.4866025,8.6636315,-7.4120738,6.45,8.6362341,-7.4363457,6.4866025,8.5036476,-7.2703404,6.45,8.482855,-7.3004637,6.4866025,8.3143936,-7.1710122,6.45,8.3014142,-7.2052362,6.4866025,8.1068681,-7.1198618,6.45,8.1024562,-7.1561975,6.4866025,7.8931319,-7.1198618,6.45,7.8975438,-7.1561975,6.4866025,7.6856064,-7.1710122,6.45,7.6985858,-7.2052362,6.4866025,7.4963524,-7.2703404,6.45,7.517145,-7.3004637,6.4866025,7.3363685,-7.4120738,6.45,7.3637659,-7.4363457,6.4866025,7.2149524,-7.5879753,6.45,7.2473624,-7.6049853,6.4866025,7.1391605,-7.7878221,6.45,7.1746995,-7.7965817,6.4866025],"tri_indexes":[32,18,17,32,17,20,33,5,4,33,19,18,33,4,19,33,18,32,34,20,21,34,32,20,35,6,5,35,32,34,35,5,33,35,33,32,36,21,22,36,34,21,37,7,6,37,34,36,37,6,35,37,35,34,38,22,23,38,36,22,39,8,7,39,37,36,39,36,38,39,7,37,40,23,24,40,38,23,41,9,8,41,39,38,41,38,40,41,8,39,42,24,25,42,40,24,43,10,9,43,11,10,43,9,41,43,41,40,43,40,42,44,25,26,44,42,25,45,43,42,45,11,43,45,42,44,46,26,27,46,44,26,47,45,44,47,12,11,47,11,45,47,44,46,48,46,27,48,27,28,49,47,46,49,46,48,49,12,47,49,13,12,50,48,28,50,28,29,51,48,50,51,13,49,51,14,13,51,15,14,51,49,48,52,50,29,52,29,30,52,51,50,53,15,51,53,51,52,54,0,1,54,52,30,54,30,31,54,31,0,55,1,2,55,2,3,55,16,15,55,3,16,55,15,53,55,54,1,55,53,52,55,52,54],"number_of_triangles":78,"face_index":66,"orient":0},{"vertex_coord":[8.9,-8,6.4,8.8866025,-8,6.45,8.85,-8,6.4866025,8.8,-8,6.5,7.2,-8,6.5,7.2232465,-8.1914525,6.5,7.2916352,-8.3717785,6.5,7.4011914,-8.5304981,6.5,7.5455482,-8.6583871,6.5,7.7163161,-8.748013,6.5,7.9035707,-8.7941671,6.5,8.0964293,-8.7941671,6.5,8.2836839,-8.748013,6.5,8.4544518,-8.6583871,6.5,8.5988086,-8.5304981,6.5,8.7083648,-8.3717785,6.5,8.7767535,-8.1914525,6.5,7.1,-8,6.4,7.1133975,-8,6.45,7.15,-8,6.4866025,7.1261524,-8.2153841,6.4,7.2030896,-8.4182509,6.4,7.3263403,-8.5968104,6.4,7.4887417,-8.7406855,6.4,7.6808556,-8.8415146,6.4,7.891517,-8.893438,6.4,8.108483,-8.893438,6.4,8.3191444,-8.8415146,6.4,8.5112583,-8.7406855,6.4,8.6736597,-8.5968104,6.4,8.7969104,-8.4182509,6.4,8.8738476,-8.2153841,6.4,7.1391605,-8.2121779,6.45,7.1746995,-8.2034183,6.4866025,7.2149524,-8.4120247,6.45,7.2473624,-8.3950147,6.4866025,7.3363685,-8.5879262,6.45,7.3637659,-8.5636543,6.4866025,7.4963524,-8.7296596,6.45,7.517145,-8.6995363,6.4866025,7.6856064,-8.8289878,6.45,7.6985858,-8.7947638,6.4866025,7.8931319,-8.8801382,6.45,7.8975438,-8.8438025,6.4866025,8.1068681,-8.8801382,6.45,8.1024562,-8.8438025,6.4866025,8.3143936,-8.8289878,6.45,8.3014142,-8.7947638,6.4866025,8.5036476,-8.7296596,6.45,8.482855,-8.6995363,6.4866025,8.6636315,-8.5879262,6.45,8.6362341,-8.5636543,6.4866025,8.7850476,-8.4120247,6.45,8.7526376,-8.3950147,6.4866025,8.8608395,-8.2121779,6.45,8.8253005,-8.2034183,6.4866025],"tri_indexes":[20,18,17,32,18,20,33,5,4,33,19,18,33,4,19,33,18,32,34,20,21,34,32,20,35,6,5,35,32,34,35,5,33,35,33,32,36,21,22,36,34,21,37,7,6,37,34,36,37,6,35,37,35,34,38,22,23,38,36,22,39,8,7,39,7,37,39,36,38,39,37,36,40,23,24,40,38,23,41,9,8,41,38,40,41,8,39,41,39,38,42,24,25,42,40,24,43,10,9,43,9,41,43,40,42,43,41,40,44,25,26,44,42,25,45,11,10,45,10,43,45,43,42,45,42,44,46,26,27,46,44,26,47,45,44,47,12,11,47,44,46,47,11,45,48,46,27,48,27,28,48,28,29,49,47,46,49,46,48,49,12,47,49,13,12,49,14,13,50,48,29,51,48,50,51,14,49,51,49,48,52,29,30,52,50,29,53,15,14,53,16,15,53,51,50,53,14,51,53,50,52,54,0,1,54,52,30,54,30,31,54,31,0,55,1,2,55,2,3,55,3,16,55,16,53,55,54,1,55,53,52,55,52,54],"number_of_triangles":78,"face_index":67,"orient":0},{"vertex_coord":[8.5,-8.2886751,6.5,8,-8.5773503,6.5,8.5,-8.2886751,6,8,-8.5773503,6],"tri_indexes":[1,0,2,1,2,3],"number_of_triangles":2,"face_index":68,"orient":0},{"vertex_coord":[8,-8.5773503,6.5,7.5,-8.2886751,6.5,8,-8.5773503,6,7.5,-8.2886751,6],"tri_indexes":[3,0,2,1,0,3],"number_of_triangles":2,"face_index":69,"orient":0},{"vertex_coord":[7.5,-8.2886751,6.5,7.5,-7.7113249,6.5,7.5,-8.2886751,6,7.5,-7.7113249,6],"tri_indexes":[0,2,3,0,3,1],"number_of_triangles":2,"face_index":70,"orient":0},{"vertex_coord":[7.5,-7.7113249,6.5,8,-7.4226497,6.5,7.5,-7.7113249,6,8,-7.4226497,6],"tri_indexes":[1,0,2,1,2,3],"number_of_triangles":2,"face_index":71,"orient":0},{"vertex_coord":[8,-7.4226497,6.5,8.5,-7.7113249,6.5,8,-7.4226497,6,8.5,-7.7113249,6],"tri_indexes":[1,0,2,1,2,3],"number_of_triangles":2,"face_index":72,"orient":0},{"vertex_coord":[8.5,-7.7113249,6.5,8.5,-8.2886751,6.5,8.5,-7.7113249,6,8.5,-8.2886751,6],"tri_indexes":[3,1,0,3,0,2],"number_of_triangles":2,"face_index":73,"orient":0},{"vertex_coord":[8.9,-8,5.55,8.9,-8,6.4,8.8456531,-7.6922438,5.55,8.7517715,-7.5055999,5.55,8.6299953,-7.3576641,5.55,8.337609,-7.1658383,5.55,8.0528138,-7.1015516,5.55,7.8098802,-7.1203363,5.55,7.6174134,-7.1855233,5.55,7.3443888,-7.3838298,5.55,7.1633534,-7.6685847,5.55,7.1,-8,5.55,7.1,-8,6.4,8.8738476,-7.7846159,6.4,8.7969104,-7.5817491,6.4,8.6736597,-7.4031896,6.4,8.5112583,-7.2593145,6.4,8.3191444,-7.1584854,6.4,8.108483,-7.106562,6.4,7.891517,-7.106562,6.4,7.6808556,-7.1584854,6.4,7.4887417,-7.2593145,6.4,7.3263403,-7.4031896,6.4,7.2030896,-7.5817491,6.4,7.1261524,-7.7846159,6.4],"tri_indexes":[13,1,0,13,0,2,14,2,3,14,13,2,15,3,4,15,14,3,16,4,5,16,15,4,17,16,5,18,5,6,18,17,5,19,6,7,19,18,6,20,7,8,20,19,7,21,8,9,21,20,8,22,21,9,23,9,10,23,22,9,24,10,11,24,23,10,12,24,11],